EAN;Omschrijving;Thema;Potkleur;Nederlandse naam
8,71719E+12;Achillea mill. 'Milly Rock Red';Bijen- en vlinderlokkers;Blauw;Achillea
8,71719E+12;Achillea mill. 'Milly Rock Rose';Bijen- en vlinderlokkers;Blauw;Achillea
8,71719E+12;Achillea mill. 'Milly Rock Yellow Terracotta';Bijen- en vlinderlokkers;Blauw;Achillea
8,71347E+12;Achillea ptarm. 'The Pearl';Bijen- en vlinderlokkers;Blauw;Achillea
8,71204E+12;Agapanthus africanus;Bijen- en vlinderlokkers;Blauw;Agapanthus
8,71204E+12;Agapanthus africanus 'Albus';Bijen- en vlinderlokkers;Blauw;Agapanthus
8,71204E+12;Alcea rosea 'Nigra';Bijen- en vlinderlokkers;Blauw;Alcea
8,71282E+12;Alcea rosea 'Pleniflora' Rood;Bijen- en vlinderlokkers;Blauw;Alcea
8,71282E+12;Alcea rosea 'Pleniflora' Rose;Bijen- en vlinderlokkers;Blauw;Alcea
8,71282E+12;Alcea rosea 'Pleniflora' Wit;Bijen- en vlinderlokkers;Blauw;Alcea
8,71347E+12;Allium senescens;Bijen- en vlinderlokkers;Blauw;Allium
8,71347E+12;Aster (D) 'Jenny';Bijen- en vlinderlokkers;Blauw;Aster
8,71347E+12;Aster (D) 'Lady in Blue';Bijen- en vlinderlokkers;Blauw;Aster
8,71347E+12;Aster (D) 'Mittelmeer';Bijen- en vlinderlokkers;Blauw;Aster
8,71347E+12;Aster (D) 'Pr. A. Kippenberg';Bijen- en vlinderlokkers;Blauw;Aster
8,71347E+12;Aster (D) 'Schneekissen';Bijen- en vlinderlokkers;Blauw;Aster
8,71282E+12;Aster ager. 'Ashvi';Bijen- en vlinderlokkers;Blauw;Aster
8,71719E+12;Aster ager. 'Asmoe';Bijen- en vlinderlokkers;Blauw;Aster
8,71347E+12;Aster ager. 'Asran';Bijen- en vlinderlokkers;Blauw;Aster
8,71719E+12;Aster ager. 'Ezo Murazaki';Bijen- en vlinderlokkers;Blauw;Aster
8,71719E+12;Aster ager. 'Pollux' ;Bijen- en vlinderlokkers;Blauw;Aster
8,71282E+12;Aster ager. 'Stardust';Bijen- en vlinderlokkers;Blauw;Aster
8,71719E+12;Aster ager. 'Starshine';Bijen- en vlinderlokkers;Blauw;Aster
8,71347E+12;Aster frikartii 'Mönch';Bijen- en vlinderlokkers;Blauw;Aster
8,71347E+12;Aster n.-a. 'Purple Dome';Bijen- en vlinderlokkers;Blauw;Aster
8,71719E+12;Aster novi-belgii 'Neron';Bijen- en vlinderlokkers;Blauw;Aster
8,71204E+12;Aster 'Wood's Pink';Bijen- en vlinderlokkers;Blauw;Aster
8,71204E+12;Aster 'Wood's Purple';Bijen- en vlinderlokkers;Blauw;Aster
8,71347E+12;Buphthalmum salicifolium;Bijen- en vlinderlokkers;Blauw;Buphthalmum
8,71719E+12;Camassia leichtlinii 'Caerulea';Bijen- en vlinderlokkers;Blauw;Camassia
8,71347E+12;Campanula glom. 'Alba';Bijen- en vlinderlokkers;Blauw;Campanula
8,71347E+12;Campanula glomerata;Bijen- en vlinderlokkers;Blauw;Campanula
8,71204E+12;Campanula lact. 'Loddon Anna';Bijen- en vlinderlokkers;Blauw;Campanula
8,71204E+12;Campanula lact. 'Prichard's Variety';Bijen- en vlinderlokkers;Blauw;Campanula
8,71347E+12;Campanula pers. 'Alba';Bijen- en vlinderlokkers;Blauw;Campanula
8,71347E+12;Campanula persicifolia;Bijen- en vlinderlokkers;Blauw;Campanula
8,71347E+12;Catananche caerulea;Bijen- en vlinderlokkers;Blauw;Catananche
8,71347E+12;Catananche caerulea 'Alba';Bijen- en vlinderlokkers;Blauw;Catananche
8,71347E+12;Centaurea dealbata;Bijen- en vlinderlokkers;Blauw;Centaurea
8,71347E+12;Centaurea montana 'Grandiflora';Bijen- en vlinderlokkers;Blauw;Centaurea
8,71204E+12;Cephalaria gigantea;Bijen- en vlinderlokkers;Blauw;Cephalaria
8,71719E+12;Coreopsis 'Full Moon';Bijen- en vlinderlokkers;Blauw;Coreopsis
8,71204E+12;Coreopsis grand. 'Sonnenkind';Bijen- en vlinderlokkers;Blauw;Coreopsis
8,71719E+12;Coreopsis 'Redshift';Bijen- en vlinderlokkers;Blauw;Coreopsis
8,71347E+12;Coreopsis rosea 'American Dream';Bijen- en vlinderlokkers;Blauw;Coreopsis
8,71347E+12;Coreopsis vert. 'Moonbeam';Bijen- en vlinderlokkers;Blauw;Coreopsis
8,71719E+12;Coreopsis vert. 'Ruby Red';Bijen- en vlinderlokkers;Blauw;Coreopsis
8,71347E+12;Coreopsis verticillata;Bijen- en vlinderlokkers;Blauw;Coreopsis
8,71282E+12;Crocosmia 'George Davidson';Bijen- en vlinderlokkers;Blauw;Crocosmia
8,71204E+12;Crocosmia 'Lucifer';Bijen- en vlinderlokkers;Blauw;Crocosmia
8,71347E+12;Crocosmia 'Red King';Bijen- en vlinderlokkers;Blauw;Crocosmia
8,71204E+12;Delphinium (P) 'Astolat';Bijen- en vlinderlokkers;Blauw;Delphinium
8,71204E+12;Delphinium (P) 'Black Knight';Bijen- en vlinderlokkers;Blauw;Delphinium
8,71282E+12;Delphinium (P) 'Blue Bird';Bijen- en vlinderlokkers;Blauw;Delphinium
8,71282E+12;Delphinium (P) 'Galahad';Bijen- en vlinderlokkers;Blauw;Delphinium
8,71282E+12;Echinacea pallida;Bijen- en vlinderlokkers;Blauw;Echinacea
8,71282E+12;Echinacea paradoxa;Bijen- en vlinderlokkers;Blauw;Echinacea
8,71347E+12;Echinacea purp. 'Alba';Bijen- en vlinderlokkers;Blauw;Echinacea
8,71347E+12;Echinacea purp. 'Magnus';Bijen- en vlinderlokkers;Blauw;Echinacea
8,71204E+12;Echinops bann. 'Taplow Blue';Bijen- en vlinderlokkers;Blauw;Echinops
8,71347E+12;Echinops ritro;Bijen- en vlinderlokkers;Blauw;Echinops
8,71204E+12;Eryngium planum;Bijen- en vlinderlokkers;Blauw;Eryngium
8,71347E+12;Erysimum 'Bowles Mauve';Bijen- en vlinderlokkers;Blauw;Erysimum
8,71282E+12;Eupatorium mac. 'Atropurpureum';Bijen- en vlinderlokkers;Blauw;Eupatorium
8,71347E+12;Eupatorium mac. 'Riesenschirm';Bijen- en vlinderlokkers;Blauw;Eupatorium
8,71204E+12;Eupatorium purpureum;Bijen- en vlinderlokkers;Blauw;Eupatorium
8,71204E+12;Fuchsia 'Lady Thumb';Bijen- en vlinderlokkers;Blauw;Fuchsia
8,71204E+12;Fuchsia 'Riccartonii';Bijen- en vlinderlokkers;Blauw;Fuchsia
8,71204E+12;Fuchsia 'Tom Thumb';Bijen- en vlinderlokkers;Blauw;Fuchsia
8,71282E+12;Gaillardia 'Kobold';Bijen- en vlinderlokkers;Blauw;Gaillardia
8,71347E+12;Gaillardia 'Peach';Bijen- en vlinderlokkers;Blauw;Gaillardia
8,71719E+12;Gaillardia 'Red';Bijen- en vlinderlokkers;Blauw;Gaillardia
8,71719E+12;Gaura lindh. 'Florgaured';Bijen- en vlinderlokkers;Blauw;Gaura
8,71719E+12;Gaura lindh. 'Florgauros';Bijen- en vlinderlokkers;Blauw;Gaura
8,71719E+12;Gaura lindh. 'Gaudi Compact White Impr.';Bijen- en vlinderlokkers;Blauw;Gaura
8,71719E+12;Gaura lindh. 'Gaudi Medium Pink';Bijen- en vlinderlokkers;Blauw;Gaura
8,71719E+12;Gaura lindh. 'Geyser White';Bijen- en vlinderlokkers;Blauw;Gaura
8,71719E+12;Gaura lindh. 'Rosyjane';Bijen- en vlinderlokkers;Blauw;Gaura
8,71347E+12;Gaura lindh. 'Whirling Butterflies';Bijen- en vlinderlokkers;Blauw;Gaura
8,71347E+12;Geum chiloense 'Lady Stratheden';Bijen- en vlinderlokkers;Blauw;Geum
8,71347E+12;Geum chiloense 'Mrs. Bradshaw';Bijen- en vlinderlokkers;Blauw;Geum
8,71719E+12;Geum cocc. 'Tosai Yellow';Bijen- en vlinderlokkers;Blauw;Geum
8,71347E+12;Geum rivale;Bijen- en vlinderlokkers;Blauw;Geum
8,71204E+12;Gypsophila paniculata;Bijen- en vlinderlokkers;Blauw;Gypsophila
8,71719E+12;Hebe 'Naughties Bright Pink';Bijen- en vlinderlokkers;Blauw;Hebe
8,71719E+12;Hebe 'Naughties Dark Blue';Bijen- en vlinderlokkers;Blauw;Hebe
8,71719E+12;Hebe 'Naughties White Cap';Bijen- en vlinderlokkers;Blauw;Hebe
8,71347E+12;Helenium bigelovii 'The Bishop';Bijen- en vlinderlokkers;Blauw;Helenium
8,71719E+12;Helenium 'Elibertus Griffioen';Bijen- en vlinderlokkers;Blauw;Helenium
8,71719E+12;Helenium 'Little Orange';Bijen- en vlinderlokkers;Blauw;Helenium
8,71347E+12;Helenium 'Moerheim Beauty';Bijen- en vlinderlokkers;Blauw;Helenium
8,71204E+12;Hemerocallis 'Arctic Snow';Bijen- en vlinderlokkers;Blauw;Hemerocallis
8,71347E+12;Hemerocallis 'Autumn Red';Bijen- en vlinderlokkers;Blauw;Hemerocallis
8,71282E+12;Hemerocallis 'Frans Hals';Bijen- en vlinderlokkers;Blauw;Hemerocallis
8,71282E+12;Hemerocallis 'Joan Senior';Bijen- en vlinderlokkers;Blauw;Hemerocallis
8,71282E+12;Hemerocallis 'Longfields Pearl';Bijen- en vlinderlokkers;Blauw;Hemerocallis
8,71204E+12;Hemerocallis 'Mauna Loa';Bijen- en vlinderlokkers;Blauw;Hemerocallis
8,71204E+12;Hemerocallis 'Mini Pearl';Bijen- en vlinderlokkers;Blauw;Hemerocallis
8,71204E+12;Hemerocallis 'Pink Damask';Bijen- en vlinderlokkers;Blauw;Hemerocallis
8,71282E+12;Hemerocallis 'Ruby Stella';Bijen- en vlinderlokkers;Blauw;Hemerocallis
8,71347E+12;Hemerocallis 'Sammy Russell';Bijen- en vlinderlokkers;Blauw;Hemerocallis
8,71347E+12;Hemerocallis 'Stella d'Oro';Bijen- en vlinderlokkers;Blauw;Hemerocallis
8,71347E+12;Hemerocallis 'Summer Wine';Bijen- en vlinderlokkers;Blauw;Hemerocallis
8,71204E+12;Hypericum calycinum;Bijen- en vlinderlokkers;Blauw;Hypericum
8,71204E+12;Iris (G) 'Lent A. Williamson';Bijen- en vlinderlokkers;Blauw;Iris
8,71347E+12;Iris sib. 'Snow Queen';Bijen- en vlinderlokkers;Blauw;Iris
8,71347E+12;Jasione laevis;Bijen- en vlinderlokkers;Blauw;Jasione
8,71282E+12;Kalimeris incisa 'Alba';Bijen- en vlinderlokkers;Blauw;Kalimeris
8,71204E+12;Kalimeris incisa 'Blue Star';Bijen- en vlinderlokkers;Blauw;Kalimeris
8,71282E+12;Kalimeris incisa 'Madiva';Bijen- en vlinderlokkers;Blauw;Kalimeris
8,71719E+12;Kalimeris incisa 'Nana Blue';Bijen- en vlinderlokkers;Blauw;Kalimeris
8,71204E+12;Knautia macedonica;Bijen- en vlinderlokkers;Blauw;Knautia
8,71204E+12;Kniphofia uvaria;Bijen- en vlinderlokkers;Blauw;Kniphofia
8,71282E+12;Lavatera 'Baby Barnsley';Bijen- en vlinderlokkers;Blauw;Lavatera
8,71282E+12;Lavatera 'Burgundy Wine';Bijen- en vlinderlokkers;Blauw;Lavatera
8,71204E+12;Lavatera 'Rosea';Bijen- en vlinderlokkers;Blauw;Lavatera
8,71719E+12;Leucanthemum 'Broadway Lights';Bijen- en vlinderlokkers;Blauw;Leucanthemum
8,71347E+12;Leucanthemum v. 'Maikönigin';Bijen- en vlinderlokkers;Blauw;Leucanthemum
8,71204E+12;Liatris spicata;Bijen- en vlinderlokkers;Blauw;Liatris
8,71282E+12;Liatris spicata 'Alba';Bijen- en vlinderlokkers;Blauw;Liatris
8,71347E+12;Lobelia fulgens 'Queen Victoria';Bijen- en vlinderlokkers;Blauw;Lobelia
8,71282E+12;Lobelia sp. 'Fan Red';Bijen- en vlinderlokkers;Blauw;Lobelia
8,71204E+12;Lupinus 'Chandelier';Bijen- en vlinderlokkers;Blauw;Lupinus
8,71282E+12;Lupinus 'My Castle';Bijen- en vlinderlokkers;Blauw;Lupinus
8,71282E+12;Lupinus 'Noblemaiden';Bijen- en vlinderlokkers;Blauw;Lupinus
8,71204E+12;Lupinus 'The Chatelaine';Bijen- en vlinderlokkers;Blauw;Lupinus
8,71204E+12;Lupinus 'The Governor';Bijen- en vlinderlokkers;Blauw;Lupinus
8,71347E+12;Lychnis cor. 'Alba';Bijen- en vlinderlokkers;Blauw;Lychnis
8,71282E+12;Lychnis cor. 'Atrosanguinea';Bijen- en vlinderlokkers;Blauw;Lychnis
8,71282E+12;Lysimachia cil. 'Fire Cracker';Bijen- en vlinderlokkers;Blauw;Lysimachia
8,71347E+12;Lysimachia clethroides;Bijen- en vlinderlokkers;Blauw;Lysimachia
8,71347E+12;Lysimachia punctata;Bijen- en vlinderlokkers;Blauw;Lysimachia
8,71282E+12;Lythrum sal. 'Blush';Bijen- en vlinderlokkers;Blauw;Lythrum
8,71282E+12;Lythrum sal. 'Dropmore Purple';Bijen- en vlinderlokkers;Blauw;Lythrum
8,71347E+12;Lythrum sal. 'Robert';Bijen- en vlinderlokkers;Blauw;Lythrum
8,71719E+12;Lythrum sal. 'Robin';Bijen- en vlinderlokkers;Blauw;Lythrum
8,71347E+12;Malva moschata;Bijen- en vlinderlokkers;Blauw;Malva
8,71347E+12;Malva moschata 'Alba';Bijen- en vlinderlokkers;Blauw;Malva
8,71347E+12;Nepeta faassenii;Bijen- en vlinderlokkers;Blauw;Nepeta
8,71719E+12;Nepeta faassenii 'Purrsian Blue';Bijen- en vlinderlokkers;Blauw;Nepeta
8,71347E+12;Nepeta faassenii 'Six Hills Giant';Bijen- en vlinderlokkers;Blauw;Nepeta
8,71347E+12;Nepeta faassenii 'Snowflake';Bijen- en vlinderlokkers;Blauw;Nepeta
8,71204E+12;Oenothera 'African Sun';Bijen- en vlinderlokkers;Blauw;Oenothera
8,71282E+12;Oenothera 'Siskiyou';Bijen- en vlinderlokkers;Blauw;Oenothera
8,71719E+12;Origanum 'Dingle Fairy';Bijen- en vlinderlokkers;Blauw;Origanum
8,71204E+12;Origanum 'Rosenkuppel';Bijen- en vlinderlokkers;Blauw;Origanum
8,71204E+12;Papaver orientale;Bijen- en vlinderlokkers;Blauw;Papaver
8,71719E+12;Penstemon barb. 'Twizzle Blue';Bijen- en vlinderlokkers;Blauw;Penstemon
8,71719E+12;Penstemon barb. 'Twizzle Purple';Bijen- en vlinderlokkers;Blauw;Penstemon
8,71719E+12;Penstemon barb. 'Twizzle Scarlet';Bijen- en vlinderlokkers;Blauw;Penstemon
8,71719E+12;Penstemon barb. 'Twizzle White';Bijen- en vlinderlokkers;Blauw;Penstemon
8,71347E+12;Penstemon dig. 'Husker Red';Bijen- en vlinderlokkers;Blauw;Penstemon
8,71719E+12;Penstemon dig. 'Onyx and Pearls';Bijen- en vlinderlokkers;Blauw;Penstemon
8,71204E+12;Penstemon 'Schoenholzeri';Bijen- en vlinderlokkers;Blauw;Penstemon
8,71347E+12;Penstemon 'White Bedder';Bijen- en vlinderlokkers;Blauw;Penstemon
8,71719E+12;Perovskia atr. 'Blue Spire';Bijen- en vlinderlokkers;Blauw;Perovskia
8,71347E+12;Phlomis russeliana;Bijen- en vlinderlokkers;Blauw;Phlomis
8,71347E+12;Phlomis tuberosa 'Amazone';Bijen- en vlinderlokkers;Blauw;Phlomis
8,71347E+12;Physostegia virg. 'Bouquet Rose';Bijen- en vlinderlokkers;Blauw;Physostegia
8,71347E+12;Physostegia virg. 'Summer Snow';Bijen- en vlinderlokkers;Blauw;Physostegia
8,71347E+12;Polemonium caeruleum;Bijen- en vlinderlokkers;Blauw;Polemonium
8,71347E+12;Potentilla atrosanguinea;Bijen- en vlinderlokkers;Blauw;Potentilla
8,71347E+12;Rudbeckia fulg. 'Goldsturm';Bijen- en vlinderlokkers;Blauw;Rudbeckia
8,71347E+12;Rudbeckia maxima;Bijen- en vlinderlokkers;Blauw;Rudbeckia
8,71204E+12;Rudbeckia nitida 'Herbstsonne';Bijen- en vlinderlokkers;Blauw;Rudbeckia
8,71719E+12;Rudbeckia tril. 'Prairie Glow';Bijen- en vlinderlokkers;Blauw;Rudbeckia
8,71719E+12;Sanguisorba off. 'Pink Tanna';Bijen- en vlinderlokkers;Blauw;Sanguisorba
8,71347E+12;Sanguisorba off. 'Tanna';Bijen- en vlinderlokkers;Blauw;Sanguisorba
8,71719E+12;Sanguisorba 'Proud Mary';Bijen- en vlinderlokkers;Blauw;Sanguisorba
8,71282E+12;Scabiosa 'Barocca';Bijen- en vlinderlokkers;Blauw;Scabiosa
8,71204E+12;Scabiosa caucasica;Bijen- en vlinderlokkers;Blauw;Scabiosa
8,71347E+12;Scabiosa col. 'Butterfly Blue';Bijen- en vlinderlokkers;Blauw;Scabiosa
8,71347E+12;Scabiosa col. 'Pink Mist';Bijen- en vlinderlokkers;Blauw;Scabiosa
8,71719E+12;Stachys mon. 'Griffioen';Bijen- en vlinderlokkers;Blauw;Stachys
8,71282E+12;Stachys mon. 'Hummelo';Bijen- en vlinderlokkers;Blauw;Stachys
8,71347E+12;Stachys off. 'Alba';Bijen- en vlinderlokkers;Blauw;Stachys
8,71347E+12;Stokesia laevis;Bijen- en vlinderlokkers;Blauw;Stokesia
8,71282E+12;Teucrium cham. 'Nanum';Bijen- en vlinderlokkers;Blauw;Teucrium
8,71204E+12;Teucrium lucidrys;Bijen- en vlinderlokkers;Blauw;Teucrium
8,71204E+12;Thalictrum delavayi;Bijen- en vlinderlokkers;Blauw;Thalictrum
8,71347E+12;Trollius 'Orange Princess';Bijen- en vlinderlokkers;Blauw;Trollius
8,71204E+12;Verbena bonariensis;Bijen- en vlinderlokkers;Blauw;Verbena
8,71719E+12;Verbena bonariensis 'Lollipop';Bijen- en vlinderlokkers;Blauw;Verbena
8,71204E+12;Verbena 'Homestead Purple';Bijen- en vlinderlokkers;Blauw;Verbena
8,71719E+12;Verbena off. 'Bampton';Bijen- en vlinderlokkers;Blauw;Verbena
8,71347E+12;Veronica gentianoides;Bijen- en vlinderlokkers;Blauw;Veronica
8,71347E+12;Veronica spic. 'Alba';Bijen- en vlinderlokkers;Blauw;Veronica
8,71719E+12;Veronica spic. Inspire Blue;Bijen- en vlinderlokkers;Blauw;Veronica
8,71719E+12;Veronica spic. Inspire Pink;Bijen- en vlinderlokkers;Blauw;Veronica
8,71719E+12;Veronicastrum virg. 'Adoration';Bijen- en vlinderlokkers;Blauw;Veronicastrum
8,71347E+12;Veronicastrum virg. 'Album';Bijen- en vlinderlokkers;Blauw;Veronicastrum
8,71719E+12;Veronicastrum virg. 'Erica';Bijen- en vlinderlokkers;Blauw;Veronicastrum
8,71282E+12;Veronicastrum virg. 'Fascination';Bijen- en vlinderlokkers;Blauw;Veronicastrum
8,71282E+12;Veronicastrum virg. 'Lavendelturm';Bijen- en vlinderlokkers;Blauw;Veronicastrum
8,71347E+12;Veronicastrum virg. 'Pink Glow';Bijen- en vlinderlokkers;Blauw;Veronicastrum
8,71719E+12;Veronicastrum virg. 'Red Arrows';Bijen- en vlinderlokkers;Blauw;Veronicastrum
8,71347E+12;Veronicastrum virg. 'Roseum';Bijen- en vlinderlokkers;Blauw;Veronicastrum
8,71347E+12;Acaena micr. 'Kupferteppich';Bodembedekkend;Blauw;Acaena
8,71282E+12;Ajuga 'Chocolate Chips';Bodembedekkend;Blauw;Ajuga
8,71204E+12;Ajuga reptans;Bodembedekkend;Blauw;Ajuga
8,71347E+12;Ajuga reptans 'Atropurpurea';Bodembedekkend;Blauw;Ajuga
8,71347E+12;Ajuga reptans 'Catlin's Giant';Bodembedekkend;Blauw;Ajuga
8,71719E+12;Ajuga reptans 'Midnight Mystery';Bodembedekkend;Blauw;Ajuga
8,71347E+12;Alchemilla erythropoda;Bodembedekkend;Blauw;Alchemilla
8,71347E+12;Alchemilla mollis;Bodembedekkend;Blauw;Alchemilla
8,71347E+12;Anaphalis triplinervis;Bodembedekkend;Blauw;Anaphalis
8,71347E+12;Aubrieta 'Blue Emperor';Bodembedekkend;Blauw;Aubrieta
8,71719E+12;Campanula port. 'Zenn White';Bodembedekkend;Blauw;Campanula
8,71347E+12;Campanula portenschlagiana;Bodembedekkend;Blauw;Campanula
8,71347E+12;Campanula posch. 'E.H. Frost';Bodembedekkend;Blauw;Campanula
8,71347E+12;Campanula posch. 'Lisduggan Variety';Bodembedekkend;Blauw;Campanula
8,71347E+12;Campanula posch. 'Stella';Bodembedekkend;Blauw;Campanula
8,71204E+12;Campanula poscharskyana;Bodembedekkend;Blauw;Campanula
8,71347E+12;Cerastium biebersteinii;Bodembedekkend;Blauw;Cerastium
8,71347E+12;Ceratostigma plumbaginoides;Bodembedekkend;Blauw;Ceratostigma
8,71347E+12;Chaenorhinum or. 'Blue Dream';Bodembedekkend;Blauw;Chaenorhinum
8,71204E+12;Clematis jouin. 'Praecox';Bodembedekkend;Blauw;Clematis
8,71347E+12;Cymbalaria muralis;Bodembedekkend;Blauw;Cymbalaria
8,71204E+12;Darmera peltata;Bodembedekkend;Blauw;Darmera
8,71347E+12;Dianthus delt. 'Albiflorus';Bodembedekkend;Blauw;Dianthus
8,71347E+12;Dianthus delt. 'Splendens';Bodembedekkend;Blauw;Dianthus
8,71719E+12;Erigeron glaucus 'Olga';Bodembedekkend;Blauw;Erigeron
8,71347E+12;Erigeron karvinskianus;Bodembedekkend;Blauw;Erigeron
8,71347E+12;Galium odoratum;Bodembedekkend;Blauw;Galium
8,71282E+12;Geranium 'Brookside';Bodembedekkend;Blauw;Geranium
8,71347E+12;Geranium cant. 'Biokovo';Bodembedekkend;Blauw;Geranium
8,71347E+12;Geranium cant. 'Cambridge';Bodembedekkend;Blauw;Geranium
8,71347E+12;Geranium endr. 'Wargrave Pink';Bodembedekkend;Blauw;Geranium
8,71347E+12;Geranium endressii;Bodembedekkend;Blauw;Geranium
8,71719E+12;Geranium himalayense 'Baby Blue';Bodembedekkend;Blauw;Geranium
8,71347E+12;Geranium 'Japfu';Bodembedekkend;Blauw;Geranium
8,71347E+12;Geranium 'Johnson's Blue';Bodembedekkend;Blauw;Geranium
8,71282E+12;Geranium 'Joy';Bodembedekkend;Blauw;Geranium
8,71719E+12;Geranium 'Karin Wouters';Bodembedekkend;Blauw;Geranium
8,71347E+12;Geranium macr. 'Czakor';Bodembedekkend;Blauw;Geranium
8,71347E+12;Geranium macr. 'Ingwersen's Variety';Bodembedekkend;Blauw;Geranium
8,71719E+12;Geranium macr. 'Olympic Fire';Bodembedekkend;Blauw;Geranium
8,71347E+12;Geranium macr. 'Spessart';Bodembedekkend;Blauw;Geranium
8,71347E+12;Geranium macrorrhizum;Bodembedekkend;Blauw;Geranium
8,71719E+12;Geranium macul. 'Espresso';Bodembedekkend;Blauw;Geranium
8,71347E+12;Geranium magnificum;Bodembedekkend;Blauw;Geranium
8,71347E+12;Geranium oxon. 'Rose Clair';Bodembedekkend;Blauw;Geranium
8,71347E+12;Geranium phaeum;Bodembedekkend;Blauw;Geranium
8,71282E+12;Geranium phaeum 'Samobor';Bodembedekkend;Blauw;Geranium
8,71282E+12;Geranium 'Philippe Vapelle';Bodembedekkend;Blauw;Geranium
8,71719E+12;Geranium 'Red Admiral';Bodembedekkend;Blauw;Geranium
8,71347E+12;Geranium river. 'Mavis Simpson';Bodembedekkend;Blauw;Geranium
8,71347E+12;Geranium river. 'Russell Prichard';Bodembedekkend;Blauw;Geranium
8,71347E+12;Geranium sang. 'Album';Bodembedekkend;Blauw;Geranium
8,71347E+12;Geranium sang. 'Max Frei';Bodembedekkend;Blauw;Geranium
8,71347E+12;Geranium sang. striatum;Bodembedekkend;Blauw;Geranium
8,71282E+12;Geranium sang. 'Tiny Monster';Bodembedekkend;Blauw;Geranium
8,71282E+12;Geranium sanguineum;Bodembedekkend;Blauw;Geranium
8,71282E+12;Geranium 'Sirak';Bodembedekkend;Blauw;Geranium
8,71347E+12;Geranium sylv. 'Mayflower';Bodembedekkend;Blauw;Geranium
8,71282E+12;Geranium 'Tanja Rendall';Bodembedekkend;Blauw;Geranium
8,71347E+12;Geranium versicolor;Bodembedekkend;Blauw;Geranium
8,71347E+12;Helianthemum 'Bronzeteppich';Bodembedekkend;Blauw;Helianthemum
8,71347E+12;Helianthemum 'Cerise Queen';Bodembedekkend;Blauw;Helianthemum
8,71347E+12;Helianthemum 'Fire Dragon';Bodembedekkend;Blauw;Helianthemum
8,71347E+12;Helianthemum 'Golden Queen';Bodembedekkend;Blauw;Helianthemum
8,71347E+12;Helianthemum 'Lawrenson's Pink';Bodembedekkend;Blauw;Helianthemum
8,71347E+12;Helianthemum 'The Bride';Bodembedekkend;Blauw;Helianthemum
8,71347E+12;Lamium mac. 'Beacon Silver';Bodembedekkend;Blauw;Lamium
8,71347E+12;Leptinella squalida;Bodembedekkend;Blauw;Leptinella
8,71347E+12;Lysimachia nummularia;Bodembedekkend;Blauw;Lysimachia
8,71719E+12;Muehlenbeckia axillaris;Bodembedekkend;Blauw;Muehlenbeckia
8,71204E+12;Persicaria aff. 'Darjeeling Red';Bodembedekkend;Blauw;Persicaria
8,71204E+12;Persicaria bistorta;Bodembedekkend;Blauw;Persicaria
8,71347E+12;Phlox (S) 'Benita';Bodembedekkend;Blauw;Phlox
8,71282E+12;Phlox (S) 'MacDaniel's Cushion';Bodembedekkend;Blauw;Phlox
8,71347E+12;Phlox (S) 'Maischnee';Bodembedekkend;Blauw;Phlox
8,71204E+12;Phlox (S) 'Rosette';Bodembedekkend;Blauw;Phlox
8,71347E+12;Potentilla trid. 'Nuuk';Bodembedekkend;Blauw;Potentilla
8,71719E+12;Prunella grand. 'Alba';Bodembedekkend;Blauw;Prunella
8,71719E+12;Prunella grand. 'Bella Deep Rose';Bodembedekkend;Blauw;Prunella
8,71347E+12;Prunella grandiflora;Bodembedekkend;Blauw;Prunella
8,71347E+12;Saponaria ocymoides;Bodembedekkend;Blauw;Saponaria
8,71719E+12;Saponaria off. 'Graciella Pink';Bodembedekkend;Blauw;Saponaria
8,71719E+12;Silene dioica 'Minikin';bodembedekkend;Blauw;Silene
8,71347E+12;Silene mar. 'Weisskehlchen';Bodembedekkend;Blauw;Silene
8,71347E+12;Silene schafta;Bodembedekkend;Blauw;Silene
8,71204E+12;Stachys byz. 'Silver Carpet';Bodembedekkend;Blauw;Stachys
8,71204E+12;Stachys byzantina;Bodembedekkend;Blauw;Stachys
8,71204E+12;Vinca major;Bodembedekkend;Blauw;Vinca
8,71204E+12;Vinca major 'Variegata';Bodembedekkend;Blauw;Vinca
8,71204E+12;Vinca minor;Bodembedekkend;Blauw;Vinca
8,71204E+12;Vinca minor 'Alba';Bodembedekkend;Blauw;Vinca
8,71204E+12;Vinca minor 'Atropurpurea';Bodembedekkend;Blauw;Vinca
8,71282E+12;Waldsteinia ternata;Bodembedekkend;Blauw;Waldsteinia
8,71347E+12;Achillea fil. 'Cloth of Gold';Geurend;Blauw;Achillea
8,71347E+12;Achillea mill. 'Paprika';Geurend;Blauw;Achillea
8,71347E+12;Achillea mill. 'Summer Pastels';Geurend;Blauw;Achillea
8,71719E+12;Achillea 'Terracotta';Geurend;Blauw;Achillea
8,71282E+12;Agastache 'Black Adder';Geurend;Blauw;Agastache
8,71347E+12;Agastache 'Blue Fortune';Geurend;Blauw;Agastache
8,71347E+12;Agastache rugosa 'Alabaster';Geurend;Blauw;Agastache
8,71719E+12;Amsonia 'Blue Ice';Geurend;Blauw;Amsonia
8,71347E+12;Calamintha nepeta ssp. Nepeta;Geurend;Blauw;Calamintha
8,71347E+12;Centranthus ruber 'Albus';Geurend;Blauw;Centranthus
8,71347E+12;Centranthus ruber 'Coccineus';Geurend;Blauw;Centranthus
8,71719E+12;Cosmos atro.'Cherry Chocolate';Geurend;Blauw;Cosmos
8,71719E+12;Dianthus barb. 'Dart Pink Magician';Geurend;Blauw;Dianthus
8,71719E+12;Dianthus barb. 'Dart Purple';Geurend;Blauw;Dianthus
8,71719E+12;Dianthus barb. 'Dart Raspberry';Geurend;Blauw;Dianthus
8,71719E+12;Dianthus barb. 'Dart White';Geurend;Blauw;Dianthus
8,71282E+12;Dianthus barbatus;Geurend;Blauw;Dianthus
8,71719E+12;Dianthus caryop. 'Code Salmon';Geurend;Blauw;Dianthus
8,71719E+12;Dianthus caryop. 'Electric Dreams';Geurend;Blauw;Dianthus
8,71282E+12;Dianthus 'Cosmos';Geurend;Blauw;Dianthus
8,71282E+12;Dianthus 'Faganza';Geurend;Blauw;Dianthus
8,71719E+12;Dianthus Flow 'Apella Beach';Geurend;Blauw;Dianthus
8,71719E+12;Dianthus grat. 'Dinetta Lilac';Geurend;Blauw;Dianthus
8,71282E+12;Dianthus 'Odessa Red';Geurend;Blauw;Dianthus
8,71719E+12;Dianthus Sunflor Orange Bling Bling;Geurend;Blauw;Dianthus
8,71719E+12;Dianthus Sunflor Paseo;Geurend;Blauw;Dianthus
8,71719E+12;Dianthus Sunflor Serena;Geurend;Blauw;Dianthus
8,71719E+12;Dianthus Sunflor Yellow Bling Bling;Geurend;Blauw;Dianthus
8,71204E+12;Lavandula ang. 'Dwarf Blue';Geurend;Blauw;Lavandula
8,71204E+12;Lavandula ang. 'Edelweiss';Geurend;Blauw;Lavandula
8,71204E+12;Lavandula ang. 'Hidcote';Geurend;Blauw;Lavandula
8,71282E+12;Lavandula ang. 'Munstead';Geurend;Blauw;Lavandula
8,71204E+12;Lavandula ang. 'Rosea';Geurend;Blauw;Lavandula
8,71719E+12;Lavandula ang. 'Silver Mist';Geurend;Blauw;Lavandula
8,71719E+12;Monarda did. 'Balmy Rose';Geurend;Blauw;Monarda
8,71347E+12;Monarda 'Cambridge Scarlet';Geurend;Blauw;Monarda
8,71347E+12;Monarda 'Marshall's Delight';Geurend;Blauw;Monarda
8,71347E+12;Nepeta faassenii 'Walker's Low';Geurend;Blauw;Nepeta
8,71719E+12;Nepeta 'Hill Grounds';Geurend;Blauw;Nepeta
8,71719E+12;Nepeta nerv. Neptune;Geurend;Blauw;Nepeta
8,71282E+12;Nepeta rac. 'Grog';Geurend;Blauw;Nepeta
8,71719E+12;Nepeta sib. 'Wild Orchid';Geurend;Blauw;Nepeta
8,71204E+12;Paeonia (LD) 'Coral Sunset';Geurend;Blauw;Paeonia
8,71204E+12;Paeonia (LD) 'Duch. de Nemours';Geurend;Blauw;Paeonia
8,71204E+12;Paeonia (LD) 'Karl Rosenfield';Geurend;Blauw;Paeonia
8,71204E+12;Paeonia (LD) 'Sarah Bernhardt';Geurend;Blauw;Paeonia
8,71347E+12;Phlox (P) 'Blue Boy';Geurend;Blauw;Phlox
8,71347E+12;Phlox (P) 'Bright Eyes';Geurend;Blauw;Phlox
8,71719E+12;Phlox (P) 'Butonik';Geurend;Blauw;Phlox
8,71719E+12;Phlox (P) 'Sw. Summer Candy';Geurend;Blauw;Phlox
8,71719E+12;Phlox (P) 'Sw. Summer Fragrance';Geurend;Blauw;Phlox
8,71719E+12;Phlox (P) 'Sw. Summer Ocean';Geurend;Blauw;Phlox
8,71719E+12;Phlox (P) 'Sw. Summer Snow';Geurend;Blauw;Phlox
8,71719E+12;Phlox (P) 'Sw. Summer Wine';Geurend;Blauw;Phlox
8,71719E+12;Salvia greggii 'Joy';Geurend;Blauw;Salvia
8,71719E+12;Salvia greggii 'Mirage Blue';Geurend;Blauw;Salvia
8,71719E+12;Salvia micr. 'Hot Lips';Geurend;Blauw;Salvia
8,71719E+12;Salvia nem. 'Blue Marvel';Geurend;Blauw;Salvia
8,71282E+12;Salvia nem. 'Caradonna';Geurend;Blauw;Salvia
8,71719E+12;Salvia nem. 'Caradonna Pink';Geurend;Blauw;Salvia
8,71204E+12;Salvia nem. 'Mainacht';Geurend;Blauw;Salvia
8,71204E+12;Salvia nem. 'Ostfriesland';Geurend;Blauw;Salvia
8,71719E+12;Salvia nem. 'Rose Marvel';Geurend;Blauw;Salvia
8,71204E+12;Salvia nem. 'Schneehügel';Geurend;Blauw;Salvia
8,71719E+12;Salvia nem. 'Sens. Medium Deep Blue';Geurend;Blauw;Salvia
8,71719E+12;Salvia nem. 'Sens. Medium White Impr';Geurend;Blauw;Salvia
8,71719E+12;Salvia nem. 'Sens. Sky Blue';Geurend;Blauw;Salvia
8,71719E+12;Salvia nem. 'Sens. Special Blue Bicolor';Geurend;Blauw;Salvia
8,71347E+12;Salvia uliginosa;Geurend;Blauw;Salvia
8,71204E+12;Santolina chamaecyparissus;Geurend;Blauw;Santolina
8,71719E+12;Thymus citr. 'Sambesi';Geurend;Blauw;Thymus
8,71347E+12;Thymus praecox 'Albiflorus';Geurend;Blauw;Thymus
8,71719E+12;Thymus praecox 'Red Carpet';Geurend;Blauw;Thymus
8,71347E+12;Viola (C) 'Molly Sanderson';Geurend;Blauw;Viola
8,71347E+12;Viola labradorica;Geurend;Blauw;Viola
8,71719E+12;Ammophila arenaria;Grassen;Blauw;Ammophila
8,71204E+12;Calamagrostis acut. 'Karl Foerster';Grassen;Blauw;Calamagrostis
8,71719E+12;Carex comans 'Bronco';Grassen;Blauw;Carex
8,71204E+12;Carex morrowii;Grassen;Blauw;Carex
8,71719E+12;Carex morrowii 'Ice Dance';Grassen;Blauw;Carex
8,71719E+12;Carex morrowii 'Vanilla Ice';Grassen;Blauw;Carex
8,71347E+12;Carex oshimensis 'Evergold';Grassen;Blauw;Carex
8,71719E+12;Carex oshimensis 'Evergreen';Grassen;Blauw;Carex
8,71719E+12;Carex 'Phoenix Green';Grassen;Blauw;Carex
8,71719E+12;Carex test. 'Prairie Fire';Grassen;Blauw;Carex
8,71204E+12;Cortaderia sell. 'Pumila';Grassen;Blauw;Cortaderia
8,71347E+12;Deschampsia cesp. 'Goldschleier';Grassen;Blauw;Deschampsia
8,71719E+12;Deschampsia cesp. 'Palava';Grassen;Blauw;Deschampsia
8,71347E+12;Deschampsia cesp. 'Tardiflora';Grassen;Blauw;Deschampsia
8,71282E+12;Deschampsia cespitosa;Grassen;Blauw;Deschampsia
8,71282E+12;Festuca amethystina;Grassen;Blauw;Festuca
8,71204E+12;Festuca gautieri;Grassen;Blauw;Festuca
8,71204E+12;Festuca gigantea;Grassen;Blauw;Festuca
8,71204E+12;Festuca glauca;Grassen;Blauw;Festuca
8,71282E+12;Imperata cylindrica 'Red Baron';Grassen;Blauw;Imperata
8,71347E+12;Juncus ensifolius;Grassen;Blauw;Juncus
8,71282E+12;Koeleria glauca;Grassen;Blauw;Koeleria
8,71282E+12;Luzula sylvatica;Grassen;Blauw;Luzula
8,71204E+12;Miscanthus sin. 'Gracillimus';Grassen;Blauw;Miscanthus
8,71347E+12;Miscanthus sin. 'Morning Light';Grassen;Blauw;Miscanthus
8,71719E+12;Miscanthus sin. 'Red Chief';Grassen;Blauw;Miscanthus
8,71719E+12;Molinia arund. 'Black Arrows';Grassen;Blauw;Molinia
8,71204E+12;Molinia arund. 'Karl Foerster';Grassen;Blauw;Molinia
8,71347E+12;Molinia arund. 'Transparent';Grassen;Blauw;Molinia
8,71347E+12;Molinia caer. 'Heidebraut';Grassen;Blauw;Molinia
8,71347E+12;Panicum virg. 'Heavy Metal';Grassen;Blauw;Panicum
8,71719E+12;Panicum virg. 'Northwind';Grassen;Blauw;Panicum
8,71204E+12;Panicum virg. 'Rehbraun';Grassen;Blauw;Panicum
8,71347E+12;Panicum virgatum 'Squaw';Grassen;Blauw;Panicum
8,71719E+12;Pennisetum alop. 'Black Beauty';Grassen;Blauw;Pennisetum
8,71204E+12;Pennisetum alop. 'Hameln';Grassen;Blauw;Pennisetum
8,71719E+12;Pennisetum alop. 'Little Bunny';Grassen;Blauw;Pennisetum
8,71719E+12;Pennisetum or. 'Fairy Tales';Grassen;Blauw;Pennisetum
8,71282E+12;Sesleria autumnalis;Grassen;Blauw;Sesleria
8,71347E+12;Sesleria heufleriana;Grassen;Blauw;Sesleria
8,71347E+12;Sporobolus heterolepis;Grassen;Blauw;Sporobolus
8,71204E+12;Stipa gigantea;Grassen;Blauw;Stipa
8,71282E+12;Stipa tenuissima 'Ponytails';Grassen;Blauw;Stipa
8,71347E+12;Allium schoenoprasum;Kruiden;Groen;Allium
8,71347E+12;Allium tuberosum;Kruiden;Groen;Allium
8,71204E+12;Apium graveolens;Kruiden;Groen;Apium
8,71204E+12;Artemisia abrotanum;Kruiden;Groen;Artemisia
8,71282E+12;Artemisia dracunculus;Kruiden;Groen;Artemisia
8,71347E+12;Foeniculum vulgare 'Rubrum';Kruiden;Groen;Foeniculum
8,71347E+12;Helichrysum italicum;Kruiden;Groen;Helichrysum
8,71347E+12;Hyssopus officinalis;Kruiden;Groen;Hyssopus
8,71719E+12;Laurus nobilis A.Rome;Kruiden;Groen;Laurus
8,71204E+12;Lavandula angustifolia;Kruiden;Groen;Lavandula
8,71347E+12;Levisticum officinale;Kruiden;Groen;Levisticum
8,71282E+12;Lippia citriodora;Kruiden;Groen;Lippia
8,71347E+12;Melissa officinalis;Kruiden;Groen;Melissa
8,71719E+12;Mentha pip. 'Basil';Kruiden;Groen;Mentha
8,71719E+12;Mentha pip. 'Black Mitcham';Kruiden;Groen;Mentha
8,71282E+12;Mentha pip. 'Chocolate';Kruiden;Groen;Mentha
8,71204E+12;Mentha pip. 'Grapefruit';Kruiden;Groen;Mentha
8,71719E+12;Mentha pip. 'Lemon';Kruiden;Groen;Mentha
8,71719E+12;Mentha pip. 'Mandarin';Kruiden;Groen;Mentha
8,71347E+12;Mentha pip. 'Orange';Kruiden;Groen;Mentha
8,71719E+12;Mentha pip. 'Strawberry';Kruiden;Groen;Mentha
8,71347E+12;Mentha rot. 'Apple Mint';Kruiden;Groen;Mentha
8,71347E+12;Mentha rot. 'Pineapple Mint';Kruiden;Groen;Mentha
8,71719E+12;Mentha spic. 'Hillary's Sweet Lemon';Kruiden;Groen;Mentha
8,71347E+12;Mentha spic. 'Moroccan';Kruiden;Groen;Mentha
8,71719E+12;Mentha x villosa 'Mojito';Kruiden;Groen;Mentha
8,71719E+12;Ocimum bas. 'Magic Mountain';Kruiden;Groen;Ocimum
8,71282E+12;Ocimum basilicum;Kruiden;Groen;Ocimum
8,71347E+12;Origanum vulg. 'Compactum';Kruiden;Groen;Origanum
8,71282E+12;Origanum vulg. 'Hot and Spicy';Kruiden;Groen;Origanum
8,71347E+12;Origanum vulgare;Kruiden;Groen;Origanum
8,71204E+12;Petroselinum crispum;Kruiden;Groen;Petroselinum
8,71204E+12;Petroselinum neapolitanum;Kruiden;Groen;Petroselinum
8,71347E+12;Rosmarinus lavandulaceus;Kruiden;Groen;Rosmarinus
8,71204E+12;Rosmarinus officinalis;Kruiden;Groen;Rosmarinus
8,71347E+12;Ruta graveolens;Kruiden;Groen;Ruta
8,71204E+12;Salvia off. 'Berggarten';Kruiden;Groen;Salvia
8,71282E+12;Salvia officinalis;Kruiden;Groen;Salvia
8,71347E+12;Santolina viridis;kruiden;Groen;Santolina
8,71347E+12;Satureja montana;Kruiden;Groen;Satureja
8,71719E+12;Stevia rebaudiana;Kruiden;Groen;Stevia
8,71347E+12;Thymus citr. 'Aureus';Kruiden;Groen;Thymus
8,71347E+12;Thymus vulg. 'Compactus';Kruiden;Groen;Thymus
8,71719E+12;Thymus vulg. 'Faustini';Kruiden;Groen;Thymus
8,71282E+12;Thymus vulg. 'Silver Posie';Kruiden;Groen;Thymus
8,71347E+12;Thymus vulg. 'Tabor';Kruiden;Groen;Thymus
8,71347E+12;Valeriana officinalis;Kruiden;Groen;Valeriana
8,72084E+12;Vasteplanten meststof;Meststoffen;Blauw;Vasteplanten
8,71719E+12;Antennaria dioica 'Alex Duguid';Rotsplanten;Blauw;Antennaria
8,71282E+12;Aquilegia alpina;Rotsplanten;Blauw;Aquilegia
8,71347E+12;Aquilegia 'Biedermeier';Rotsplanten;Blauw;Aquilegia
8,71204E+12;Arabis cauc. 'Rosea';Rotsplanten;Blauw;Arabis
8,71347E+12;Arabis caucasica;Rotsplanten;Blauw;Arabis
8,71347E+12;Armeria mar. 'Alba';Rotsplanten;Blauw;Armeria
8,71204E+12;Armeria mar. 'Splendens Perfecta';Rotsplanten;Blauw;Armeria
8,71719E+12;Armeria pseud. 'Ballerina Lilac';Rotsplanten;Blauw;Armeria
8,71719E+12;Armeria pseud. 'Ballerina Red';Rotsplanten;Blauw;Armeria
8,71719E+12;Armeria pseud. 'Ballerina White';Rotsplanten;Blauw;Armeria
8,71204E+12;Aster eric. 'Snowflurry';Rotsplanten;Blauw;Aster
8,71347E+12;Campanula carp. 'Blaue Clips';Rotsplanten;Blauw;Campanula
8,71347E+12;Campanula carp. 'Weisse Clips';Rotsplanten;Blauw;Campanula
8,71347E+12;Campanula 'Dickson's Gold';Rotsplanten;Blauw;Campanula
8,71347E+12;Campanula garganica;Rotsplanten;Blauw;Campanula
8,71282E+12;Cistus 'Obtusifolius';Rotsplanten;Blauw;Cistus
8,71719E+12;Delosperma aberd. 'Hot Pink';Rotsplanten;Blauw;Delosperma
8,71719E+12;Delosperma c. 'Jewel of Desert Garnet';Rotsplanten;Blauw;Delosperma
8,71719E+12;Delosperma c. 'Jewel of Desert Moonstone';Rotsplanten;Blauw;Delosperma
8,71282E+12;Delosperma congesta;Rotsplanten;Blauw;Delosperma
8,71282E+12;Delosperma sutherlandii;Rotsplanten;Blauw;Delosperma
8,71347E+12;Erodium reichardii 'Album';Rotsplanten;Blauw;Erodium
8,71347E+12;Erodium var. 'Bishop's Form';Rotsplanten;Blauw;Erodium
8,71282E+12;Eryngium planum 'Blue Hobbit';Rotsplanten;Blauw;Eryngium
8,71347E+12;Erythronium 'Pagoda';Rotsplanten;Blauw;Erythronium
8,71282E+12;Geranium cin. 'Ballerina';Rotsplanten;Blauw;Geranium
8,71719E+12;Geranium 'Sanne';Rotsplanten;Blauw;Geranium
8,71347E+12;Geum cocc. 'Borisii';Rotsplanten;Blauw;Geum
8,71347E+12;Gypsophila cerastioides;Rotsplanten;Blauw;Gypsophila
8,71282E+12;Gypsophila rep. 'Alba';Rotsplanten;Blauw;Gypsophila
8,71282E+12;Gypsophila rep. 'Rosa Schönheit';Rotsplanten;Blauw;Gypsophila
8,71719E+12;Iberis semp. 'Pink Ice';Rotsplanten;Blauw;Iberis
8,71719E+12;Iberis semp. 'Snow Cone';Rotsplanten;Blauw;Iberis
8,71347E+12;Isotoma fluviatilis;Rotsplanten;Blauw;Isotoma
8,71719E+12;Isotoma fluviatilis 'Alba';Rotsplanten;Blauw;Isotoma
8,71347E+12;Leontopodium alpinum;Rotsplanten;Blauw;Leontopodium
8,71204E+12;Leucojum aestivum;Rotsplanten;Blauw;Leucojum
8,71204E+12;Lewisia cotyledon;Rotsplanten;Blauw;Lewisia
8,71347E+12;Lithodora diff. 'Heavenly Blue';Rotsplanten;Blauw;Lithodora
8,71347E+12;Pratia pedunculata 'County Park';Rotsplanten;Blauw;Pratia
8,71347E+12;Primula vialii;Rotsplanten;Blauw;Primula
8,71347E+12;Pulsatilla vulg. 'Alba';Rotsplanten;Blauw;Pulsatilla
8,71719E+12;Rhodanthemum 'Casablanca';Rotsplanten;Blauw;Rhodanthemum
8,71719E+12;Rhodanthemum 'Marrakech';Rotsplanten;Blauw;Rhodanthemum
8,71719E+12;Rhodoxis 'Fairy Snow';Rotsplanten;Blauw;Rhodoxis
8,71719E+12;Rhodoxis 'Fairytale';Rotsplanten;Blauw;Rhodoxis
8,71347E+12;Sagina subulata;Rotsplanten;Blauw;Sagina
8,71347E+12;Saxifraga (A) 'Purpurteppich';Rotsplanten;Blauw;Saxifraga
8,71347E+12;Saxifraga (A) 'Schneeteppich';Rotsplanten;Blauw;Saxifraga
8,71719E+12;Scabiosa col. 'Pincushion Blue';Rotsplanten;Blauw;Scabiosa
8,71719E+12;Scabiosa col. 'Pincushion Pink';Rotsplanten;Blauw;Scabiosa
8,71347E+12;Sedum acre 'Yellow Queen';Rotsplanten;Blauw;Sedum
8,71347E+12;Sedum album 'Coral Carpet';Rotsplanten;Blauw;Sedum
8,71719E+12;Sedum 'Carl';Rotsplanten;Blauw;Sedum
8,71347E+12;Sedum cauticola 'Lidakense';Rotsplanten;Blauw;Sedum
8,71347E+12;Sedum f. 'Weihenstephaner Gold';Rotsplanten;Blauw;Sedum
8,71347E+12;Sedum 'Herbstfreude';Rotsplanten;Blauw;Sedum
8,71347E+12;Sedum kamt. 'Immergrün';Rotsplanten;Blauw;Sedum
8,71347E+12;Sedum oreganum;Rotsplanten;Blauw;Sedum
8,71719E+12;Sedum 'Red Sparkle';Rotsplanten;Blauw;Sedum
8,71347E+12;Sedum selskianum;Rotsplanten;Blauw;Sedum
8,71347E+12;Sedum sieboldii;Rotsplanten;Blauw;Sedum
8,71719E+12;Sedum sp. Spot On Deep Rose;Rotsplanten;Blauw;Sedum
8,71347E+12;Sedum spath. 'Cape Blanco';Rotsplanten;Blauw;Sedum
8,71347E+12;Sedum spath. 'Purpureum';Rotsplanten;Blauw;Sedum
8,71347E+12;Sedum spectabile 'Brillant';Rotsplanten;Blauw;Sedum
8,71347E+12;Sedum spectabile 'Star Dust';Rotsplanten;Blauw;Sedum
8,71282E+12;Sedum spur. 'Album';Rotsplanten;Blauw;Sedum
8,71347E+12;Sedum spur. 'Fuldaglut';Rotsplanten;Blauw;Sedum
8,71347E+12;Sedum spur. 'Schorbuser Blut';Rotsplanten;Blauw;Sedum
8,71719E+12;Sedum spur. 'Spot On Red';Rotsplanten;Blauw;Sedum
8,71719E+12;Sedum tel. 'Seduction Cherry Chocolate';Rotsplanten;Blauw;Sedum
8,71719E+12;Sedum tel. 'Seduction Rosé Soirée';Rotsplanten;Blauw;Sedum
8,71719E+12;Sempervivum 'Aquila';Rotsplanten;Blauw;Sempervivum
8,71347E+12;Sempervivum Grijs/Grey/Grau;Rotsplanten;Blauw;Sempervivum
8,71347E+12;Sempervivum Groen/Green/Grün;Rotsplanten;Blauw;Sempervivum
8,71347E+12;Sempervivum Rood/Red/Rot;Rotsplanten;Blauw;Sempervivum
8,71719E+12;Stachys off. 'Ukkie';Rotsplanten;Blauw;Stachys
8,71282E+12;Thymus praecox 'Minor';Rotsplanten;Blauw;Thymus
8,71204E+12;Aconitum carm. 'Arendsii';Schaduw;Blauw;Aconitum
8,71719E+12;Aconitum carm. 'Cloudy';Schaduw;Blauw;Aconitum
8,71204E+12;Aconitum nap. 'Album';Schaduw;Blauw;Aconitum
8,71204E+12;Adiantum pedatum;Schaduw;Blauw;Adiantum
8,71347E+12;Anemone hup. 'September Charm';Schaduw;Blauw;Anemone
8,71204E+12;Anemone hup. 'Splendens';Schaduw;Blauw;Anemone
8,71204E+12;Anemone hybr. 'Hon. Jobert';Schaduw;Blauw;Anemone
8,71347E+12;Anemone hybr. 'Kön. Charlotte';Schaduw;Blauw;Anemone
8,71347E+12;Anemone hybr. 'Pamina';Schaduw;Blauw;Anemone
8,71347E+12;Anemone hybr. 'Whirlwind';Schaduw;Blauw;Anemone
8,71347E+12;Anemone sylvestris;Schaduw;Blauw;Anemone
8,71347E+12;Anemone tom. 'Robustissima';Schaduw;Blauw;Anemone
8,71347E+12;Arum italicum;Schaduw;Blauw;Arum
8,71347E+12;Aruncus aethusifolius;Schaduw;Blauw;Aruncus
8,71282E+12;Aruncus dioicus;Schaduw;Blauw;Aruncus
8,71347E+12;Asplenium scolopendrium;Schaduw;Blauw;Asplenium
8,71347E+12;Aster divaricatus;Schaduw;Blauw;Aster
8,71204E+12;Astilbe (A) 'Fanal';Schaduw;Blauw;Astilbe
8,71204E+12;Astilbe (J) 'Deutschland';Schaduw;Blauw;Astilbe
8,71204E+12;Astilbe (J) 'Europa';Schaduw;Blauw;Astilbe
8,71204E+12;Astilbe (S) 'Sprite';Schaduw;Blauw;Astilbe
8,71204E+12;Astilbe chin. 'Pumila';Schaduw;Blauw;Astilbe
8,71204E+12;Astilbe chin. 'Purpurkerze';Schaduw;Blauw;Astilbe
8,71347E+12;Astrantia maj. 'Primadonna';Schaduw;Blauw;Astrantia
8,71347E+12;Astrantia maj. 'Rosensinfonie';Schaduw;Blauw;Astrantia
8,71204E+12;Astrantia major;Schaduw;Blauw;Astrantia
8,71347E+12;Athyrium filix-femina;Schaduw;Blauw;Athyrium
8,71204E+12;Athyrium 'Metallicum';Schaduw;Blauw;Athyrium
8,71204E+12;Bergenia cordifolia;Schaduw;Blauw;Bergenia
8,71282E+12;Blechnum spicant;Schaduw;Blauw;Blechnum
8,71204E+12;Brunnera macrophylla;Schaduw;Blauw;Brunnera
8,71204E+12;Dicentra spectabilis;Schaduw;Blauw;Dicentra
8,71204E+12;Dicentra spectabilis 'Alba';Schaduw;Blauw;Dicentra
8,71347E+12;Digitalis grandiflora;Schaduw;Blauw;Digitalis
8,71204E+12;Digitalis mertonensis;Schaduw;Blauw;Digitalis
8,71719E+12;Digitalis purp. 'Dalmatian Purple';Schaduw;Blauw;Digitalis
8,71719E+12;Digitalis purp. 'Dalmatian White';Schaduw;Blauw;Digitalis
8,71204E+12;Digitalis purp. 'Gloxiniiflora';Schaduw;Blauw;Digitalis
8,71282E+12;Dryopteris affinis;Schaduw;Blauw;Dryopteris
8,71282E+12;Dryopteris erythrosora;Schaduw;Blauw;Dryopteris
8,71204E+12;Dryopteris f.-m. 'Lin. Polydactyla';Schaduw;Blauw;Dryopteris
8,71347E+12;Dryopteris filix-mas;Schaduw;Blauw;Dryopteris
8,71347E+12;Epimedium grand. 'Lilafee';Schaduw;Blauw;Epimedium
8,71204E+12;Epimedium perralch. 'Frohnleiten';Schaduw;Blauw;Epimedium
8,71282E+12;Epimedium pub. 'Orangekönigin';Schaduw;Blauw;Epimedium
8,71347E+12;Epimedium rubrum;Schaduw;Blauw;Epimedium
8,71347E+12;Epimedium vers. 'Sulphureum';Schaduw;Blauw;Epimedium
8,71347E+12;Epimedium youngianum 'Niveum';Schaduw;Blauw;Epimedium
8,71347E+12;Epimedium youngianum 'Roseum';Schaduw;Blauw;Epimedium
8,71347E+12;Euphorbia amygd. 'Purpurea';Schaduw;Blauw;Euphorbia
8,71204E+12;Euphorbia amygd. 'Robbiae';Schaduw;Blauw;Euphorbia
8,71719E+12;Euphorbia 'Ascot Rainbow';Schaduw;Blauw;Euphorbia
8,71204E+12;Euphorbia char. 'Wulfenii';Schaduw;Blauw;Euphorbia
8,71719E+12;Geranium nod. 'Silverwood';Schaduw;Blauw;Geranium
8,71719E+12;Geranium nod. 'Tony's Talisman';Schaduw;Blauw;Geranium
8,71347E+12;Geranium nodosum;Schaduw;Blauw;Geranium
8,71204E+12;Helleborus argutifolius;Schaduw;Blauw;Helleborus
8,71204E+12;Helleborus niger;Schaduw;Blauw;Helleborus
8,71719E+12;Helleborus or. 'Red Lady';Schaduw;Blauw;Helleborus
8,71282E+12;Helleborus or. 'White Lady';Schaduw;Blauw;Helleborus
8,71204E+12;Helleborus orientalis;Schaduw;Blauw;Helleborus
8,71347E+12;Helleborus sternii;Schaduw;Blauw;Helleborus
8,71719E+12;Heuchera 'Melting Fire';Schaduw;Blauw;Heuchera
8,71204E+12;Heuchera micr. 'Palace Purple';Schaduw;Blauw;Heuchera
8,71347E+12;Heuchera sang. 'Splendens';Schaduw;Blauw;Heuchera
8,71282E+12;Hosta 'Big Daddy';Schaduw;Blauw;Hosta
8,71204E+12;Hosta 'Blue Cadet';Schaduw;Blauw;Hosta
8,71719E+12;Hosta 'Blue Mouse Ears';Schaduw;Blauw;Hosta
8,71719E+12;Hosta 'Colored Hulk';Schaduw;Blauw;Hosta
8,71282E+12;Hosta 'Lady Guinevere';Schaduw;Blauw;Hosta
8,71282E+12;Hosta 'Night Before Christmas';Schaduw;Blauw;Hosta
8,71282E+12;Hosta 'Patriot';Schaduw;Blauw;Hosta
8,71719E+12;Hosta 'Permafrost';Schaduw;Blauw;Hosta
8,71719E+12;Hosta 'Purple Heart';Schaduw;Blauw;Hosta
8,71204E+12;Hosta 'Royal Standard';Schaduw;Blauw;Hosta
8,71204E+12;Hosta sieb. 'Elegans';Schaduw;Blauw;Hosta
8,71204E+12;Hosta sieb. 'Frances Williams';Schaduw;Blauw;Hosta
8,71204E+12;Hosta tardiana 'Halcyon';Schaduw;Blauw;Hosta
8,71719E+12;Hyacinthoides non-scripta;Schaduw;Blauw;Hyacinthoides
8,71204E+12;Ligularia przewalskii;Schaduw;Blauw;Ligularia
8,71347E+12;Matteuccia struthiopteris;Schaduw;Blauw;Matteuccia
8,71347E+12;Omphalodes verna;Schaduw;Blauw;Omphalodes
8,71347E+12;Osmunda regalis;Schaduw;Blauw;Osmunda
8,71347E+12;Persicaria ampl. 'Alba';Schaduw;Blauw;Persicaria
8,71347E+12;Persicaria ampl. 'Rosea';Schaduw;Blauw;Persicaria
8,71204E+12;Persicaria amplexicaulis;Schaduw;Blauw;Persicaria
8,71719E+12;Persicaria 'Indian Summer';Schaduw;Blauw;Persicaria
8,71282E+12;Persicaria polymorpha;Schaduw;Blauw;Persicaria
8,71347E+12;Persicaria vir. 'Lance Corporal';Schaduw;Blauw;Persicaria
8,71347E+12;Polypodium vulgare;Schaduw;Blauw;Polypodium
8,71347E+12;Polystichum set. 'Herrenhausen';Schaduw;Blauw;Polystichum
8,71347E+12;Pulmonaria ang. 'Azurea';Schaduw;Blauw;Pulmonaria
8,71204E+12;Rodgersia aesculifolia;Schaduw;Blauw;Rodgersia
8,71204E+12;Rodgersia pinnata;Schaduw;Blauw;Rodgersia
8,71282E+12;Solidago 'Strahlenkrone';Schaduw;Blauw;Solidago
8,71204E+12;Symphytum grandifl. 'Wisley Blue';Schaduw;Blauw;Symphytum
8,71282E+12;Symphytum grandiflorum;Schaduw;Blauw;Symphytum
8,71347E+12;Tellima grandiflora;Schaduw;Blauw;Tellima
8,71347E+12;Tiarella cordifolia;Schaduw;Blauw;Tiarella
8,71204E+12;Trachystemon orientalis;Schaduw;Blauw;Trachystemon
8,71347E+12;Tricyrtis hirta;Schaduw;Blauw;Tricyrtis
8,71347E+12;Tricyrtis hirta 'Taiwan Adbane';Schaduw;Blauw;Tricyrtis
8,71204E+12;Acanthus mollis;Specials;Zilver;Acanthus
8,71204E+12;Actaea 'Brunette';Specials;Zilver;Actaea
8,71719E+12;Actaea racemosa 'Queen of Sheba';Specials;Zilver;Actaea
8,71204E+12;Actaea simplex 'White Pearl';Specials;Zilver;Actaea
8,71719E+12;Agapanthus 'African Queen';Specials;Zilver;Agapanthus
8,71719E+12;Agapanthus 'Carbonella';Specials;Zilver;Agapanthus
8,71719E+12;Agapanthus 'Enigma';Specials;Zilver;Agapanthus
8,71719E+12;Agapanthus 'Pretty Heidy';Specials;Zilver;Agapanthus
8,71719E+12;Allium 'Millenium';Specials;Zilver;Allium
8,71719E+12;Allium 'Summer Beauty';Specials;Zilver;Allium
8,71719E+12;Anemone hup. 'Emmy Pink Blush';Specials;Zilver;Anemone
8,71347E+12;Anemone leveillei;Specials;Zilver;Anemone
8,71719E+12;Anemone 'Wild Swan';Specials;Zilver;Anemone
8,71719E+12;Aruncus 'Horatio';Specials;Zilver;Aruncus
8,71347E+12;Asarum europaeum;Specials;Zilver;Asarum
8,71282E+12;Astrantia major 'Buckland';Specials;Zilver;Astrantia
8,71347E+12;Astrantia maj. 'Claret';Specials;Zilver;Astrantia
8,71719E+12;Astrantia maj. 'Roma';Specials;Zilver;Astrantia
8,71719E+12;Astrantia maj. 'Venice';Specials;Zilver;Astrantia
8,71282E+12;Bergenia 'Bressingham White';Specials;Zilver;Bergenia
8,71347E+12;Bergenia 'Ouverture';Specials;Zilver;Bergenia
8,71719E+12;Brunnera mac. 'Betty Bowring';Specials;Zilver;Brunnera
8,71282E+12;Brunnera macr. 'Jack Frost';Specials;Zilver;Brunnera
8,71719E+12;Brunnera macr. 'Silver Heart';Specials;Zilver;Brunnera
8,71347E+12;Cirsium riv. 'Atropurpureum';Specials;Zilver;Cirsium
8,71719E+12;Clematis heracl. 'Blue Wings';Specials;Zilver;Clematis
8,71719E+12;Coreopsis Solar Jewel;Specials;Zilver;Coreopsis
8,71719E+12;Digitalis purp. 'HanaBee Pink';Specials;Zilver;Digitalis
8,71719E+12;Digitalis purp. 'HanaBee Rose';Specials;Zilver;Digitalis
8,71719E+12;Digitalis purp. 'HanaBee White';Specials;Zilver;Digitalis
8,71719E+12;Echinacea 'Meditation White';Specials;Zilver;Echinacea
8,71719E+12;Echinacea purp. 'Delicious Strawberry';Specials;Zilver;Echinacea
8,71347E+12;Echinacea purp. 'Augustkönigin';Specials;Zilver;Echinacea
8,71719E+12;Echinacea purp. 'Delicious Candy';Specials;Zilver;Echinacea
8,71719E+12;Echinacea purp. 'Fatal Attraction';Specials;Zilver;Echinacea
8,71719E+12;Echinacea purp. 'Green Jewel';Specials;Zilver;Echinacea
8,71719E+12;Echinacea purp. 'Green Twister';Specials;Zilver;Echinacea
8,71719E+12;Echinacea purp. 'Sensation Pink';Specials;Zilver;Echinacea
8,71719E+12;Echinacea Sombr. Lemon Yellow Impr.;Specials;Zilver;Echinacea
8,71719E+12;Echinacea Sombrero Salsa Red;Specials;Zilver;Echinacea
8,71719E+12;Echinacea SunSeekers Orange;Specials;Zilver;Echinacea
8,71719E+12;Eryngium bourgatii 'Pen Blue';Specials;Zilver;Eryngium
8,71719E+12;Euphorbia 'Miner's Merlot';Specials;Zilver;Euphorbia
8,71347E+12;Geranium 'Ann Folkard';Specials;Zilver;Geranium
8,71282E+12;Geranium 'Anne Thomson';Specials;Zilver;Geranium
8,71719E+12;Geranium 'Azure Rush';Specials;Zilver;Geranium
8,71719E+12;Geranium 'Dreamland';Specials;Zilver;Geranium
8,71719E+12;Geranium macr. 'Geranimo White';Specials;Zilver;Geranium
8,71719E+12;Geranium 'Orkney Pink';Specials;Zilver;Geranium
8,71719E+12;Geranium pratense 'Cloud Nine';Specials;Zilver;Geranium
8,71347E+12;Geranium pratense 'Plenum Violaceum';Specials;Zilver;Geranium
8,71282E+12;Geranium pratense 'Summer Skies';Specials;Zilver;Geranium
8,71282E+12;Geranium 'Rozanne';Specials;Zilver;Geranium
8,71719E+12;Geranium sang. 'Frivolius Flashing Pink';Specials;Zilver;Geranium
8,71719E+12;Geranium sang. 'Frivolius Lilac';Specials;Zilver;Geranium
8,71719E+12;Geranium sang. 'Frivolius Pink';Specials;Zilver;Geranium
8,71719E+12;Geranium sang. 'Frivolius Purple';Specials;Zilver;Geranium
8,71719E+12;Geranium wall. 'Bloom Me Away';Specials;Zilver;Geranium
8,71719E+12;Geranium wall. 'Kelly Anne';Specials;Zilver;Geranium
8,71719E+12;Geum rivale 'Mai Tai';Specials;Zilver;Geum
8,71719E+12;Geum 'Tempest Scarlet';Specials;Zilver;Geum
8,71719E+12;Geum 'Totally Tangerine' ;Specials;Zilver;Geum
8,71347E+12;Hakonechloa macra;Specials;Zilver;Hakonechloa
8,71282E+12;Hakonechloa macra 'All Gold';Specials;Zilver;Hakonechloa
8,71719E+12;Helenium aut. 'Short and Sassy';specials;Zilver;Helenium
8,71719E+12;Heliopsis hel. 'Bonfire Sunset';Specials;Zilver;Heliopsis
8,71719E+12;Heuchera 'Black Sea';Specials;Zilver;Heuchera
8,71719E+12;Heuchera 'Fire Chief';Specials;Zilver;Heuchera
8,71719E+12;Heuchera 'Flores Snow';Specials;Zilver;Heuchera
8,71719E+12;Heuchera 'Paris';Specials;Zilver;Heuchera
8,71204E+12;Heuchera vill. 'Chantilly';Specials;Zilver;Heuchera
8,71719E+12;Heuchera vill. 'Hip Hip Hooray';Specials;Zilver;Heuchera
8,71719E+12;Heuchera vill. 'Silver Grey';Specials;Zilver;Heuchera
8,71719E+12;Heuchera 'Zipper';Specials;Zilver;Heuchera
8,71719E+12;Heucherella 'Pink Revolution';Specials;Zilver;Heucherella
8,71204E+12;Liriope muscari;Specials;Zilver;Liriope
8,71347E+12;Liriope muscari 'Ingwersen';Specials;Zilver;Liriope
8,71347E+12;Liriope muscari 'Monroe White';Specials;Zilver;Liriope
8,71204E+12;Lychnis viscaria 'Plena';Specials;Zilver;Lychnis
8,71204E+12;Ophiopogon planiscapus 'Niger';Specials;Zilver;Ophiopogon
8,71719E+12;Pachyphragma macrophyllum;Specials;Zilver;Pachyphragma
8,71719E+12;Paeonia (L) 'Blaze';Specials;Zilver;Paeonia
8,71282E+12;Paeonia (LD) 'Krinkled White';Specials;Zilver;Paeonia
8,71347E+12;Paeonia (LD) 'Paula Fay';Specials;Zilver;Paeonia
8,71719E+12;Persicaria ampl. 'Blackfield';Specials;Zilver;Persicaria
8,71719E+12;Persicaria ampl. 'Bonfire';Specials;Zilver;Persicaria
8,71719E+12;Persicaria ampl. 'Lisan';Specials;Zilver;Persicaria
8,71719E+12;Persicaria ampl. 'Orange Field';Specials;Zilver;Persicaria
8,71719E+12;Persicaria ampl. 'Pink Elephant';Specials;Zilver;Persicaria
8,71719E+12;Persicaria ampl. 'White Eastfield';Specials;Zilver;Persicaria
8,71719E+12;Phlomis anisodonta subsp. 'Occidentalis';Specials;Zilver;Phlomis
8,71204E+12;Polygonatum multiflorum;Specials;Zilver;Polygonatum
8,71282E+12;Pulmonaria longifolia 'Diana Clare';Specials;Zilver;Pulmonaria
8,71204E+12;Pulmonaria off. 'Sissinghurst White';Specials;Zilver;Pulmonaria
8,71719E+12;Pulmonaria 'Shrimps on the Barbie';Specials;Zilver;Pulmonaria
8,71719E+12;Rudbeckia fulg. 'Little Goldstar';Specials;Zilver;Rudbeckia
8,71719E+12;Rudbeckia fulgida 'American Gold Rush';Specials;Zilver;Rudbeckia
8,71347E+12;Salvia moorcroftiana;Specials;Zilver;Salvia
8,71719E+12;Sanguisorba 'All Time High';Specials;Zilver;Sanguisorba
8,71719E+12;Scabiosa col. 'Flutter Pure White';Specials;Zilver;Scabiosa
8,71719E+12;Thalictrum 'Black Stockings';Specials;Zilver;Thalictrum
8,71204E+12;Thalictrum del. 'Hewitt's Double';Specials;Zilver;Thalictrum
8,71347E+12;Tiarella 'Spring Symphony';Specials;Zilver;Tiarella
8,71719E+12;(WI) Achillea ptarmica;Wild & Inheems;Taupe;(wi)
8,71719E+12;(WI) Allium Ursinum;Wild & Inheems;Taupe;(wi)
8,71347E+12;(WI) Anemone nemorosa;Wild & Inheems;Taupe;(wi)
8,71204E+12;(WI) Anthemis tinctoria;Wild & Inheems;Taupe;(wi)
8,71347E+12;(WI) Aquilegia vulgaris;Wild & Inheems;Taupe;(wi)
8,71719E+12;(WI) Armeria maritima;Wild & Inheems;Taupe;(wi)
8,71282E+12;(WI) Briza media;Wild & Inheems;Taupe;(wi)
8,71347E+12;(WI) Campanula rotundifolia;Wild & Inheems;Taupe;(wi)
8,71347E+12;(WI) Centaurea jacea;Wild & Inheems;Taupe;(wi)
8,71347E+12;(WI) Cichorium intybus;Wild & Inheems;Taupe;(wi)
8,71204E+12;(WI) Clematis vitalba;Wild & Inheems;Taupe;(wi)
8,71719E+12;(WI) Clinopodium vulgare;Wild & Inheems;Taupe;(wi)
8,71347E+12;(WI) Dianthus carthusianorum;Wild & Inheems;Taupe;(wi)
8,71347E+12;(WI) Dianthus deltoides;Wild & Inheems;Taupe;(wi)
8,71347E+12;(WI) Digitalis purpurea;Wild & Inheems;Taupe;(wi)
8,71347E+12;(WI) Dipsacus fullonum;Wild & Inheems;Taupe;(wi)
8,71347E+12;(WI) Echium vulgare;Wild & Inheems;Taupe;(wi)
8,71719E+12;(WI) Eriophorum angustifolium;Wild & Inheems;Taupe;(wi)
8,71347E+12;(WI) Filipendula ulmaria;Wild & Inheems;Taupe;(wi)
8,71347E+12;(WI) Fragaria vesca;Wild & Inheems;Taupe;(wi)
8,71719E+12;(WI) Geranium phaeum;Wild & Inheems;Taupe;(wi)
8,71347E+12;(WI) Geranium pratense;Wild & Inheems;Taupe;(wi)
8,71719E+12;(WI) Geranium pyrenaicum;Wild & Inheems;Taupe;(wi)
8,71719E+12;(WI) Geum rivale;Wild & Inheems;Taupe;(wi)
8,71719E+12;(WI) Hesperis matronalis;Wild & Inheems;Taupe;(wi)
8,71347E+12;(WI) Hieracium aurantiacum;Wild & Inheems;Taupe;(wi)
8,71204E+12;(WI) Hypericum perforatum;Wild & Inheems;Taupe;(wi)
8,71347E+12;(WI) Knautia arvensis;Wild & Inheems;Taupe;(wi)
8,71347E+12;(WI) Leucanthemum vulgare;Wild & Inheems;Taupe;(wi)
8,71347E+12;(WI) Lunaria rediviva;Wild & Inheems;Taupe;(wi)
8,71347E+12;(WI) Lysimachia vulgaris;Wild & Inheems;Taupe;(wi)
8,71347E+12;(WI) Lythrum salicaria;Wild & Inheems;Taupe;(wi)
8,71719E+12;(WI) Malva moschata;Wild & Inheems;Taupe;(wi)
8,71347E+12;(WI) Malva sylvestris;Wild & Inheems;Taupe;(wi)
8,71719E+12;(WI) Medicago sativa;Wild & Inheems;Taupe;(wi)
8,71719E+12;(WI) Origanum vulgare;Wild & Inheems;Taupe;(wi)
8,71204E+12;(WI) Polystichum setiferum;Wild & Inheems;Taupe;(wi)
8,71347E+12;(WI) Primula veris;Wild & Inheems;Taupe;(wi)
8,71347E+12;(WI) Prunella vulgaris;Wild & Inheems;Taupe;(wi)
8,71347E+12;(WI) Salvia pratensis;Wild & Inheems;Taupe;(wi)
8,71282E+12;(WI) Sanguisorba officinalis;Wild & Inheems;Taupe;(wi)
8,71347E+12;(WI) Saponaria officinalis;Wild & Inheems;Taupe;(wi)
8,71347E+12;(WI) Scabiosa columbaria;Wild & Inheems;Taupe;(wi)
8,71347E+12;(WI) Scrophularia nodosa;Wild & Inheems;Taupe;(wi)
8,71347E+12;(WI) Silene dioica;Wild & Inheems;Taupe;(wi)
8,71347E+12;(WI) Silene flos-cuculi;Wild & Inheems;Taupe;(wi)
8,71347E+12;(WI) Solidago virgaurea;Wild & Inheems;Taupe;(wi)
8,71347E+12;(WI) Stachys officinalis;Wild & Inheems;Taupe;(wi)
8,71347E+12;(WI) Succisa pratensis;Wild & Inheems;Taupe;(wi)
8,71347E+12;(WI) Symphytum officinale;Wild & Inheems;Taupe;(wi)
8,71282E+12;(WI) Tanacetum vulgare;Wild & Inheems;Taupe;(wi)
8,71347E+12;(WI) Thymus pulegioides;Wild & Inheems;Taupe;(wi)
8,71719E+12;(WI) Tragopogon pratensis;Wild & Inheems;Taupe;(wi)
8,71719E+12;(WI) Verbascum nigrum;Wild & Inheems;Taupe;(wi)
8,71347E+12;(WI) Veronica austr. subsp. teucrium;Wild & Inheems;Taupe;(wi)
8,71347E+12;(WI) Veronica longifolia;Wild & Inheems;Taupe;(wi)
